"Player","Rating","Rank","GamesPlayed"
"Carlsen,M",1.93910290276979,12,38
"Rostovtsev,Dmitry",1.78387525114147,21,11
"Abdusattorov,Nodirbek",1.72417380930382,27,35
"Firouzja,Alireza",1.69119455414646,33,71
"Nakamura,Hi",1.62096395710015,42,87
"Woodward,Andy",1.60701056182204,44,40
"Wei Yi",1.58902732825093,45,12
"Niemann,Hans Moke",1.58850267859262,46,153
"Aronian,L",1.57721614161963,49,65
"Erigaisi,Arjun",1.5726104051846,51,65
"Puranik,A",1.55441201875746,53,11
"Sevian,Samuel",1.51832594720911,57,32
"Andreikin,D",1.5162459297145,59,20
"Giri,A",1.50559440604231,60,82
"Sindarov,Javokhir",1.50112205422114,61,35
"Movahed,Sina",1.50092168240205,62,21
"Tahbaz,Arash",1.47716540202651,71,11
"Nepomniachtchi,I",1.47513773505882,72,46
"Xiong,Jeffery",1.46171004783571,73,72
"Salem,AR",1.45751409582687,74,11
"Pranesh,M",1.45516092262555,75,31
"Lazavik,Denis",1.45464551536842,76,83
"Praggnanandhaa,R",1.44027771020755,79,20
"Ashraf,Artin",1.43839689475337,80,13
"Murzin,Volodar",1.42577732187623,86,40
"Pranav,V",1.42358979210219,88,61
"Anand,V",1.41996380066227,89,15
"Sarana,A",1.41800355337894,90,81
"Rasulov,Vu",1.41299912266775,92,10
"Deac,Bogdan-Daniel",1.4103104351624,93,75
"Amar,Elham",1.40909707473781,94,16
"Nihal,Sarin",1.40593497627294,95,79
"Erdogmus,Yagiz Kaan",1.39804734288579,97,66
"Le,Quang Liem",1.38489332440175,102,36
"Tsaruk,Maksim",1.38304906547364,104,11
"Keymer,Vincent",1.38225248486041,105,27
"So,W",1.36641063640279,107,45
"Muradli,Mahammad",1.35706856841354,110,18
"Mamedyarov,S",1.35696981745791,111,38
"Stribuk,Artiom",1.34450468365512,113,24
"Zhigalko,S",1.3420175759279,114,44
"Nogerbek,Kazybek",1.33770662859591,116,29
"Caruana,F",1.33681538072496,117,31
"Maghsoodloo,Parham",1.33350367731566,118,54
"Klukin,Kirill",1.32781244948985,119,22
"Bok,B",1.31492981109342,122,46
"Xue,Haowen",1.3145950660577,123,24
"Vidit,S",1.31257205549514,124,28
"Vachier Lagrave,M",1.31085292378354,125,32
"Rapport,R",1.30526869246215,129,37
"Materia,Marco",1.30447774291925,132,85
"Tsydypov,Z",1.3016732394365,134,42
"Van Foreest,Jorden",1.29999941410372,136,25
"Pichot,A",1.29558866898414,137,39
"Gurel,Ediz",1.28572776106066,142,49
"Esipenko,Andrey",1.28170691624138,145,62
"Gupta,Ab",1.27450908320961,147,10
"Gumularz,Szymon",1.26807313691036,149,18
"Dominguez Perez,L",1.26719557223444,150,21
"Tazbir,M",1.26653164815029,151,11
"Terry,R",1.26564497036578,152,34
"Yu Yangyi",1.26053052311026,153,21
"Zhou Jianchao",1.25710539452585,154,15
"Alonso Rosell,A",1.25194387587571,156,33
"Moskalenko,A",1.24968749944384,157,23
"Popov,Konstantin",1.24857613084584,159,11
"Galchenko,Matvey",1.24776964725997,160,44
"Drygalov,Sergey",1.24622112006161,161,33
"Grischuk,A",1.24590220524775,163,37
"Svane,R",1.24353102277671,165,66
"Bortnyk,Olexandr",1.24325170225686,166,54
"Sjugirov,S",1.24110723326827,167,39
"Mitrabha,G",1.23199243573879,169,55
"Wang Hao",1.23004387368683,170,11
"Mishra,Abhimanyu",1.22925382658117,171,21
"Hong,Andrew",1.22073490011102,173,31
"Bluebaum,M",1.21494229252542,176,74
"Nguyen Ngoc Truong Son",1.20861028704044,177,42
"Sychev,K",1.20835811642819,178,39
"Naroditsky,D",1.20521773576884,179,47
"Bellahcene,B",1.20179077958759,181,31
"Svane,Frederik",1.19135448443239,183,37
"Drozdowski,K",1.18891189237476,184,21
"Yakubboev,Nodirbek",1.18265440028105,189,44
"Duda,J",1.18180147352298,191,32
"Kramnik,V",1.17633605229746,192,20
"Urazayev,Arystanbek",1.17124552328069,196,13
"Vitiugov,N",1.17105345194877,197,25
"Hayrapetyan,A",1.16264539653711,202,18
"Pakleza,Z",1.1625549091833,203,33
"Le Tuan Minh",1.16147294868444,204,57
"Gholami Orimi,Mahdi",1.16069009189461,205,22
"Demchenko,A",1.16053616574619,206,40
"Samadov,Read",1.15892955123768,207,31
"Yilmaz,M",1.15655043295874,208,12
"Kozak,Adam",1.1559502215377,209,32
"Sapenov,Daniyal",1.1554411945169,211,19
"Anton Guijarro,D",1.15324595765422,214,26
"Visakh,N R",1.15254665648263,215,10
"Madaminov,Mukhiddin",1.14207637543587,218,23
"Panarin,M",1.13679112263251,221,18
"Martirosyan,Haik M.",1.13563597821313,224,24
"Vakhidov,J",1.13527029435099,225,19
"Sadykov,Ra",1.13525074453541,226,11
"Durarbayli,Vasif",1.13183125153587,228,41
"Narayanan,SL",1.13174844764648,229,12
"Kosakowski,Jakub",1.12959714393577,234,30
"Ding Liren",1.12746291098878,236,23
"Bjerre,Jonas Buhl",1.12704458997029,237,37
"Tin,Jingyao",1.12591991683702,238,36
"Kevlishvili,Robby",1.12414518079429,239,16
"Navara,D",1.12216305242643,241,44
"Grandelius,N",1.12160882319517,242,20
"Oro,Faustino",1.12153937119826,243,80
"Harikrishna,P",1.12151837925915,244,34
"Martinez Alcantara,Jose Eduardo",1.12132441304618,245,62
"Xu,Xiangyu",1.11904377486591,247,13
"Tang,Andrew",1.10745352070555,254,66
"Akobian,V",1.10548303203336,255,11
"Adams,Mi",1.10470506812369,256,23
"Sargsyan,Shant",1.1045586936421,257,30
"Moussard,J",1.09844547590519,260,44
"Gadzhiev,Ruslan",1.09785415419671,262,11
"Indjic,A",1.09588988468695,264,14
"Galperin,Platon",1.09277113294871,266,40
"Paravyan,D",1.08803831061535,273,56
"Ghosh,D",1.08751979238459,274,10
"Hakobyan,Aram",1.08385953430565,279,14
"Davtyan,Artur",1.08359600591242,280,26
"Zverev,Lev",1.08296393080927,281,11
"Norwood,D",1.08002517087983,282,10
"Heimann,Al",1.07804277247289,283,22
"Alekseenko,K",1.06649787255827,286,28
"Zou,Chen",1.05886451922838,289,22
"Kovalenko,I",1.05177357258586,295,21
"Sivakumar,Shaaketh",1.04959505836414,296,11
"Holt,C",1.04918621475957,297,10
"Bronstein,Or",1.04917026014919,298,23
"Shankland,S",1.04853663176464,299,15
"Aravindh,Chithambaram VR.",1.04827205272112,300,21
"Droin,Augustin",1.04750439389163,302,15
"Solak,D",1.04488091096903,304,14
"Moksh,Amit Doshi",1.04472234366855,305,11
"Kravtsiv,M",1.04316572940909,306,74
"Gledura,B",1.04225980550663,308,32
"Iniyan,Pa",1.04081245878661,310,26
"Eljanov,P",1.0403048038161,312,27
"Ibarra Jerez,JC",1.04014005724236,313,35
"Ter Sahakyan,S",1.03537979805909,316,42
"Shirov,A",1.03412627639007,318,25
"Triapishko,Alexandr",1.03218104980567,320,11
"Bernadskiy,V",1.03080224727474,322,22
"Szpar,Milosz",1.0302780331698,323,41
"Ahmad,Khagan",1.02975661792339,324,79
"Jumabayev,R",1.02807918332782,327,43
"Mahdavi,Reza",1.02742289093279,328,33
"Ponomariov,R",1.02661955253646,329,19
"Yilmaz,Baver",1.02465564228425,331,11
"Aarav,Dengla",1.0211214429817,332,16
"Horvath,Dominik",1.02081351559315,333,37
"Makhnev,Denis",1.01965646919693,334,27
"Vakhlamov,I",1.01957930434931,335,11
"Borgaonkar,Akshay",1.01548165869949,339,13
"Mayank,Chakraborty",1.01529266250813,340,13
"Aradhya,Garg",1.01430861183408,342,44
"Donchenko,Alexa",1.01079041514755,344,33
"Tabatabaei,M",1.01047334777194,346,13
"Lysyj,I",1.00931016903962,348,11
"Ughuzov,Ravan",1.00853510250937,349,11
"Papaioannou,Dimitrios",1.00809062300451,350,22
"Wan Yunguo",1.00709087175485,352,18
"Vokhidov,Shamsiddin",1.00594626192874,353,43
"Sanal,V",1.00584776626853,354,56
"Shimanov,A",1.00139124703761,357,22
"Pap,M",1.00048663057886,359,15
"Aakash,G",0.999827859558162,363,11
"Ghasi,A",0.996039744338316,368,24
"Sheehan,Ethan",0.993799795143714,369,60
"Vasquez Schroeder,R",0.9930001118169,372,44
"Mendes Aaron Reeve",0.992935758457588,373,25
"Rustamov,Rustam",0.992039835667992,374,73
"Klekowski,M",0.991018047770011,376,15
"Tristan,L",0.989717214904703,377,53
"Nitish,Belurkar",0.986327142366067,382,32
"Tahmasebi,Hamidreza",0.986242093392453,383,31
"Sklokin,Sergey",0.9821754377337,387,22
"Lagarde,Max",0.980718526432452,389,42
"Mendonca,Leon Luke",0.978149397675601,391,41
"Domin,Yan",0.97487895307936,392,11
"Cahaya,Satria Duta",0.974758826745123,393,33
"Gharibyan,Mamikon",0.972317142616577,394,40
"Grover,S",0.971695366910236,395,30
"Gan-Erdene,Sugar",0.970633672789179,398,24
"Kasimdzhanov,R",0.970585874127148,399,18
"Papasimakopoulos,Alexandros",0.970216470469503,400,38
"Khlebovich,A",0.969882231329343,402,22
"Maroroa Jones,Gawain C B",0.969421880147367,403,10
"Samunenkov,Ihor",0.968468860363563,404,30
"Schnaider,Ilan",0.966604878206393,407,48
"Peyrer,Konstantin",0.964758831592568,409,19
"Huang,Renjie",0.962995973106737,410,10
"Alekseev,Evgeny",0.96107036610747,411,20
"Oparin,G",0.959173022866552,416,24
"Cruz,Cr",0.958438502806655,417,14
"Martinovici,Ilia",0.955829958275596,419,11
"Shogdzhiev,Roman",0.94869223138469,423,29
"Md Imran",0.94753067405533,424,11
"McShane,L",0.94490101241437,427,21
"Yeganegi,Barad",0.94413912194771,428,15
"Steinberg,N",0.940558460452192,431,42
"Dragnev,Valentin",0.937644819886547,434,65
"Laurusas,T",0.935292286555907,436,35
"Erdos,V",0.934040414419488,439,24
"Poh,Yu Tian",0.933562739907176,440,12
"Ilamparthi,A R",0.929273773859903,443,15
"Mikhalevski,V",0.928355222575386,445,20
"Boyer,Mahel",0.927331280262522,446,16
"Itgelt,Khuyagtsogt",0.92568622117374,447,24
"Dubnevych,Maksym",0.92228753598857,451,64
"Villa Tornero,Alex",0.922169363098447,452,11
"Schwabeneder,Florian",0.918995715134419,456,10
"Nguyen Van Huy",0.916294841272586,460,11
"Bacrot,E",0.915954721297026,461,36
"Keinanen,Toivo",0.915883065758879,462,30
"Hansen,Eric",0.915838685015372,463,46
"Nagy,Ga1",0.915093583777846,464,18
"Martic,I SRB",0.913569945272442,465,18
"Vogel,Roven",0.912865399595575,466,11
"Dudin,Gleb",0.912315263090418,467,44
"Adewumi,Tanitoluwa",0.911654692415247,468,58
"Bilguun,Sumiya",0.911039699598237,469,24
"Munkhdalai,Amilal",0.909597682929036,471,27
"Zhauynbay Aldiyar",0.907201771861098,474,11
"Petrosyan,M",0.906956657164353,475,18
"Jiang,Andrew",0.906061494000986,476,10
"Bryakin,M",0.904282620365713,481,17
"Dardha,Daniel",0.903493721894419,484,31
"Laurent-Paoli,Pierre",0.900396953043355,488,17
"Ostensen,Nicolai Maxime",0.89918233647367,490,11
"Kezin,R",0.898056492694672,491,17
"Atanasov,Anthony",0.897168486322368,492,37
"Orozbaev,Eldiyar",0.896419504204153,494,27
"Amartuvshin,Ganzorig",0.896159083482739,495,25
"Klymchuk,Andriy",0.895020466939717,497,15
"Narva,M",0.894518613559206,498,15
"Krawczyk,Flawian",0.893322660817802,499,22
"Yuffa,D",0.893316924538591,500,18
"Edouard,R",0.892991414400422,501,16
"Savitha,Shri B",0.891792055409395,504,17
"Blohberger,Felix",0.891656323039589,505,45
"Kollars,Dmitrij",0.891323385912853,506,32
"Pham Tran Gia Phuc",0.887563099220845,508,11
"Nagare Kaivalya Sandip",0.886999649259257,509,33
"Jarmula,L",0.886718345213067,510,21
"Odegov,Artem",0.885328800999173,511,40
"Plat,V",0.882666044635353,517,20
"Ermachenko,Manuel",0.880357945140989,520,11
"Kilic,Eray",0.879894321869989,521,34
"Makridis,Dimitrios",0.87749940949753,525,22
"Palczert,Matyas",0.876826289521861,527,33
"Kornienko,Konstantin",0.876750787300338,528,16
"Ehlvest,J",0.876632215256528,529,15
"Harshavardhan,G B",0.87250461294866,531,27
"Csonka,B",0.871345834071282,532,42
"Klimkowski,Jan",0.870674806630573,533,41
"Nigalidze,G",0.869795441653252,534,11
"Kourkoulos Arditis,Stamatis",0.869445296990899,535,31
"Jiang,Haochen",0.868195636500939,536,12
"Rosen,E",0.865836302586483,539,55
"Pert,R",0.86084690784107,544,15
"Molina,Rob",0.860585633296478,547,22
"Rustemov,A",0.859475719126095,548,74
"Rohith,Krishna S",0.857345964121447,550,13
"Elgersma,Onno",0.855910160267778,551,15
"Suleymanli,Suleyman",0.850679463974328,556,14
"Moiseenko,A1",0.849239100255892,557,17
"Sokolovsky,Yahli",0.84801073882818,558,29
"Mamedov,Rau",0.84713227614753,559,13
"Bukreev,Stanislav",0.845387283220607,561,53
"Matinian,N",0.845076065055256,562,42
"Ragger,M",0.844823315036626,563,22
"Maksimovic,Bojan",0.844474180340676,565,10
"Ilinca,Felix-Antonio",0.844386984156615,566,44
"Bologan,V",0.843625258489327,567,35
"Shoker,S",0.843290044056895,568,14
"Saric,Iv",0.839453430046831,570,25
"Aronyak,Ghosh",0.835104771467243,575,12
"Panda,Sambit",0.834866285136158,576,14
"Nikitenko,M",0.834754816091333,577,18
"Zierk,S",0.83452300932601,578,11
"Fressinet,L",0.831859901054687,581,19
"Zhang,Di",0.831246185938673,582,12
"Maurizzi,Marc'Andria",0.829909321556538,586,34
"Lesovoi,Evgenij",0.827594108035999,589,11
"Stefansson,Vignir Vatnar",0.826932200627524,591,20
"Hansen,SuB",0.8268073189169,593,11
"Germanovs,Georgijs",0.82470985969748,594,15
"Sukiasyan,Vahe A.",0.824499917080899,595,27
"Masruri,R",0.823187693956596,596,31
"Barp,Alberto",0.822632536114248,597,16
"Grutter,Tim",0.821491468629195,601,19
"Salinas Herrera,P",0.82074606467068,602,52
"Saydaliev,Saidakbar",0.819409771064949,604,36
"Froewis,G",0.81919371998492,605,19
"Barzen,P",0.818363498784071,606,15
"Thomforde-Toates,Noah",0.813892153867842,608,41
"Weetik,V",0.81300691744102,609,22
"Harikrishnan,A",0.811784040766645,610,22
"Berczes,D",0.810698675164766,611,20
"Gloeckler,Christian",0.809474146191505,613,23
"Tica,Sven",0.807720581693448,614,11
"Jake Shanty",0.806699845794128,616,42
"Howell,D",0.804637489844762,617,22
"Henriquez Villagra,C",0.804615197211108,618,26
"Akhilbay,Imangali",0.804320290322888,619,13
"Tatarinov,Dmitry",0.801600630359179,621,12
"Tan,Ju2",0.800203312361699,623,15
"Nguyen Duc Hoa",0.799911856984718,625,12
"Kovalev,Vl",0.799132959731369,626,10
"Lamard,G",0.798610413996008,629,10
"Gustafsson,J",0.79643026995687,635,22
"Schernthaner,David",0.795228359187629,636,11
"Qin,Kevin",0.794996271225628,637,11
"Cuenca Jimenez,J",0.792546106384258,638,35
"Balogh,C",0.792380207618196,639,12
"Priasmoro,Novendra",0.791126629985609,642,22
"Drygalov,Andrey",0.79065120633688,643,22
"Fromm,Marius",0.790139702080882,645,24
"Kozak,Antoni",0.789859385006433,646,21
"Shermuhammadov,Samandar",0.788786003459959,647,22
"Bharath,Subramaniyam H",0.786398923106965,648,19
"Bulmaga,I",0.786184501399224,649,20
"Mariano,Fabian Glen",0.784545109037176,651,13
"Dehtiarov,Roman",0.784334837748458,652,10
"Kaczur,F",0.783207095453315,654,11
"Ticona Rocabado,Licael Roderick",0.782750883928362,655,14
"Chen,Hongsen",0.781325181513211,657,17
"Zuferi,E",0.779357313074584,660,10
"Zhakshylykov,Erzhan",0.777730058249441,663,33
"Aswath,S",0.77642614271813,665,13
"Reshetnikov,Al",0.774112315538492,666,33
"Leenhouts,K",0.772785246676475,669,11
"Kobalia,M",0.772408404318579,670,20
"Beerdsen,Thomas",0.77064548308591,672,25
"Gabrielian,A",0.770162677241739,673,21
"Deboushnik De",0.769879644595759,674,12
"Koellner,Ruben Gideon",0.767925768655118,676,12
"Haddouche,M",0.767391595608671,677,33
"Baltabaev,T",0.764605430688523,679,22
"Ghafourian,Amir Ali",0.764184345911382,681,15
"Manvelyan,Mikayel",0.762301256523848,684,31
"Askarov,Ba",0.762045188600173,685,52
"Royal,Shreyas",0.761968467028301,686,29
"Guliyev,N",0.760857301155311,688,17
"Kobo,Ori",0.76062002191199,689,20
"Khotenashvili,B",0.760119131515009,691,24
"Seemann,Jakub",0.756509953150943,697,36
"Jval Saurin Patel",0.75151501776503,700,29
"Postny,E",0.750619410177296,702,22
"Kislinsky,A",0.750304947203666,703,61
"Divya,Deshmukh",0.749056617022137,705,32
"Ruck,R1",0.748683660255265,706,20
"Rozman,Levy",0.747605999643607,710,43
"Volokitin,And",0.747074289315732,711,25
"Turner,Ma",0.745630650613844,712,23
"Ansat,Aldiyar",0.741668642470328,714,34
"Sturt,R",0.7385350259622,718,31
"Goryachkina,A",0.737974932349915,719,60
"Savchenko,B",0.737632497619509,720,17
"Janaszak,Daw",0.737522025311638,721,11
"Piliposyan,Robert",0.736533378163592,722,29
"Short,N",0.735876534714102,723,26
"Tang,Zoey",0.733805504660739,726,18
"Rendle,T",0.728363859836099,735,21
"Iskusnyh,S",0.725125227992416,738,39
"Srihari,L R",0.724193847661104,740,24
"Peng,Hongchi",0.723828199934155,741,10
"Injac,Teodora",0.722450745269507,743,40
"Shandrygin,Nikita",0.720683199416065,745,66
"Lee,Junhyeok",0.720500826903848,746,15
"Carlsson,Ludvig",0.719212118712422,747,44
"Moroni,L",0.719195100929556,748,26
"Sieciechowicz,M",0.717897858607638,750,37
"Aditya,Varun Gampa",0.717534207387716,752,11
"Gschnitzer,Adrian",0.715912980980508,754,11
"Nurman,Alua",0.715307548679436,755,21
"Demirtas,Alper",0.715029043507124,756,25
"Avinash,Ramesh",0.714405808344881,758,18
"Sahib,Singh",0.710681292926938,761,15
"Mekhitarian,K",0.707692982995715,763,55
"Blomqvist,E",0.706954635291583,765,20
"Mamedov,Edgar",0.704101676494724,769,26
"Tekeyev,Z",0.703236755278724,773,54
"Haydon,D",0.700122060867039,777,32
"Xie,Kaifan",0.699626521227877,778,10
"Sathvik Adiga",0.698655574919341,780,16
"Munguntuul,B",0.697736068316433,783,24
"Rojas Alarcon,J",0.696844199104049,784,29
"Norowitz,Yaacov",0.695218387098307,786,17
"Hou Yifan",0.694629350150932,787,28
"Gogolev,A",0.69428685471324,788,11
"Bulgak,Damir",0.693977644596936,790,42
"Toktomushev,Teimur",0.693352780434954,791,67
"Czopor,Maciej",0.692712592444042,793,29
"Pashikyan,Rudolf",0.691166583747563,797,27
"Lopez Rayo,Santiago",0.690906107638804,798,14
"Bharadia Yash",0.69000565675602,799,27
"Vidal Melendez,Ismael David",0.689326746285532,801,11
"Antoniou,Rafail",0.688737738182195,802,49
"Nurgaliyeva,Zarina",0.686185582645445,805,34
"Sadubayev,Airat",0.68613934120427,806,41
"Suleimen,Ergali",0.685291296098884,808,21
"Harvey,Marcus R",0.68505808884996,811,37
"Pribelszky,Bence",0.68500611947837,812,37
"Saidov,Bilukhadzh",0.683220702271515,814,22
"Hafiz,Arif Abdul",0.683046241584516,815,17
"Kazakouski,Valery",0.679706401328967,823,26
"Shukhman,Anna",0.677275298840653,825,68
"Fier,A",0.675371798620666,828,11
"George,Kevin",0.674553848405416,832,42
"Budhidharma,Nayaka",0.674265754931577,833,17
"Stanojevic,Ilija",0.674172721371986,835,11
"Kuru,Atilla",0.673604922210078,837,14
"Piesik,P",0.673275428199682,839,38
"Garrido,De",0.673164498608627,842,10
"Kushagra,Mohan",0.673074184227947,843,19
"Kleimenov,Nikolay",0.673036370929878,844,26
"Xie,Bryan",0.670770415044933,845,14
"Borrmann,Laurenz",0.669266016955759,847,19
"Mhango,Banele",0.669016560289172,848,24
"Keleberda,Tymur",0.668872890325546,849,27
"Diermair,A",0.665145278164331,854,19
"Schneider,Il",0.66479782285343,856,24
"Quizon,Daniel",0.664405808344897,857,18
"Liu,Xiangyi",0.663955180914307,858,37
"Camacho Collados,M",0.663735414500259,859,24
"Paltrinieri,N",0.663280132779735,860,11
"Larkin,Vladyslav",0.662252689480422,862,20
"Atlas,V",0.661229797709421,865,22
"Martinez Ramirez,L",0.659205933927894,867,29
"Vlassov,N",0.658682463966487,868,64
"Gurevich,I",0.658301283623554,869,14
"Khamdamova,Afruza",0.656519282772914,870,35
"Kantor,G",0.65639365749304,871,23
"Gilfanov,Marat I",0.654290819617811,874,22
"Winterberg,L",0.652402851580171,876,16
"Zhou,Runyi",0.652015957409206,877,10
"Cieslak,Patryk",0.650504980634836,881,43
"Coro,Lucas",0.65010099479628,882,11
"Chinguun,Sumiya",0.648272177049748,886,24
"Waldhausen Gordon,Frederick",0.647880118756157,888,19
"Wagner,De",0.642833002000167,891,24
"Domingo Nunez,Alejandro",0.641929644256946,893,11
"Kulaots,K",0.641640887498822,894,18
"Mungunzul,Bat-Erdene",0.641305113768024,895,24
"Dogan,Umut Anil",0.640812040905135,897,47
"D'Costa,L",0.639667109873551,900,14
"Negrean,Andrei",0.636800845306822,905,33
"Gasparyan,Erik R.",0.635443269121399,907,11
"Fiorito,Joaquin",0.634432387322511,910,11
"Agmanov,Zhandos",0.634171857237198,911,21
"Hungaski,R",0.631838701979637,914,45
"Siddharth,Jagadeesh",0.630409749089434,916,12
"Rakotomaharo,Fy Antenaina",0.629574417618694,918,24
"Osmak,Yuliia",0.628765470164805,922,30
"Lopez Rayo,Isabella",0.626968059084669,925,10
"Lu,Miaoyi",0.625736114301638,928,34
"Salonen,Aku",0.625098289520884,930,19
"Punin,Andrii",0.624233414808729,931,33
"Krishna,CRG",0.623619870338586,934,10
"Tomb,M",0.623562714361653,935,10
"Tan,Zhongyi",0.620002998782932,938,31
"Sivuk,V",0.619919445208989,939,15
"Guerra Mendez,J",0.616349089340239,943,20
"Rodshtein,M",0.614258106072701,947,22
"Karas,Marek",0.613285234938335,948,11
"Gkavardinas,Antonios",0.611480755233968,950,26
"Volodin,Alek",0.611244351350011,951,11
"Laohawirapap,Prin",0.610004897096234,952,19
"Starozhilov,L",0.608157658595144,954,11
"Shabalov,A",0.607456595108383,955,22
"Haug,Havard",0.60732695846504,956,30
"Mullodzhanov,Nathaniel",0.607281389372599,957,19
"Sek,K",0.606278070165862,958,11
"Tulendinov,Dinmukhammed",0.603499373946389,960,22
"Ali,Se",0.603154685141055,961,22
"Platzgummer,F",0.601136337842722,964,31
"Mayta Aiza,Maveric",0.600322218644417,965,13
"Jakubowski,K",0.600195834669975,966,32
"Povshednyi,Ivan",0.598963193760187,971,36
"Karthik,V4",0.597465915584471,972,10
"Kim,Se",0.596530192270053,973,11
"Mohammad,Nubairshah Shaikh",0.59502099812633,978,12
"Sindarov,Islombek",0.594016429582741,980,51
"Gyurjinyan,Valter",0.59320401706073,982,30
"Kosteniuk,A",0.593079032764768,984,34
"Skliarov,V",0.59007444037808,989,33
"Daaevik Wadhawan",0.588721553879279,991,11
"Otdelnov,Kirill",0.588409868769166,993,23
"Hnatyshyn,Anastasiia",0.587820805315418,994,11
"Oleksiyenko,Mykhaylo",0.587227706172841,997,11
"Smeets,J",0.585780877873917,999,24
"Moldagali,Beksultan",0.584620645198576,1002,13
"Kaliakhmet,Elnaz",0.584268346524081,1003,10
"O'Gorman,Tom",0.583840231122614,1005,24
"Kozlov,O",0.583804762990312,1006,11
"Garcia,Erick",0.582951983927468,1008,15
"Derakhshani,Borna",0.582672336959339,1009,20
"Ratkovic,Miloj",0.582503306873833,1010,16
"Kamalidenova,Meruert",0.581259740164361,1011,25
"Deepan,C",0.58087040167299,1012,17
"Diao,Matthew Guo",0.58037929101503,1014,11
"Balaji,Aaravamudhan",0.578160716821442,1017,33
"Olhovik,Andrei",0.575420792004342,1022,33
"Fernandez,Dan SIN",0.574609009706936,1025,22
"Cordoba Roa,Angel Gabriel",0.574544668556927,1026,22
"Masague Artero,Guerau",0.572273583014966,1029,30
"Balabayeva,Xeniya",0.571436691785266,1033,17
"Hoepfl,T",0.56986969757209,1035,11
"Labussiere,Victor",0.569290392256657,1038,33
"Willow,Jonah B",0.568645269720192,1039,24
"Rajaram,Rohan",0.567642234616433,1040,43
"Lerch,Johannes",0.566128104182874,1042,10
"Kosic,D",0.565147818313992,1043,17
"Nguyen Quang Anh",0.565103399738942,1044,21
"Medina,V",0.564799169347387,1046,14
"Ljepic,Andrej",0.56462241158392,1047,12
"Laddha,Shubh Jayesh",0.56442105986711,1049,21
"Tran Tuan Minh",0.564405808344887,1050,18
"Sidhant,M",0.563315848583242,1051,15
"Paichadze,L",0.563307384849181,1052,20
"Munkhzul,Turmunkh",0.558592418269353,1056,25
"Williams,Si1",0.558270027937685,1057,39
"Khumalo,Keith",0.557599135279332,1058,10
"Manukyan,SaA",0.556057663971966,1060,36
"Roebers,Eline",0.556029092105695,1061,38
"Uraev,I",0.555064601038444,1062,17
"Dominguez Exposito,Ibon",0.553177337798444,1066,11
"Bardyk,Artem",0.550193570404614,1073,20
"Paszewski,M",0.549398827457271,1075,17
"Oksendal,Martin",0.549154159980718,1076,22
"Sapocinic,Semion",0.548541037937861,1081,54
"King,Alexander",0.5474669652408,1086,11
"De Winter,Arthur",0.545432045905635,1087,14
"Norman,Kseniya",0.544941273644748,1089,22
"Deng,Henry",0.543887839298728,1091,71
"Ratnesan,Ranesh",0.543376457437062,1094,12
"Lee,Alice",0.543334509098988,1095,23
"Barseghyan,Armen Ar.",0.542710161549134,1096,35
"Lisenkov,Svyatoslav",0.542039427984342,1098,22
"Jin,Yueheng",0.541419656961437,1100,10
"Kogan,Ar",0.540774243745001,1102,24
"Gubatayev,Ahmet",0.540621801537895,1103,21
"Zieba,Hubert",0.540425141400191,1104,39
"Hernandez Izquierdo,Jose A.",0.539721063648098,1106,15
"Li,Eric 2007",0.536656203674198,1110,21
"Sakun,V",0.535209516325875,1113,11
"Cancedda-Dupuis,Livio",0.534113659345733,1115,18
"Yildiz,Egehan",0.533501318482665,1117,19
"Dann,M",0.533469439981987,1118,28
"Toropov,P",0.53126986645496,1122,10
"Liu,Eric",0.531048989291363,1123,11
"Domalchuk-Jonasson,Aleksandr",0.530610392864989,1124,18
"Tuguldur,Soninbayar",0.529337343217861,1125,11
"Eilenberg,Jonas",0.527754505310102,1129,24
"Skytte,R",0.527745524835345,1130,25
"Dilanian,G",0.527590506363278,1131,11
"Wadsworth,Matthew J",0.527002625868344,1132,23
"Muzychuk,A",0.524654524878692,1140,19
"Srihari,L",0.524222894280897,1142,11
"Gelman,A",0.523164148181401,1143,40
"Chen,Ryo",0.523043360115061,1144,17
"Zilberstein,Dm",0.522769939776846,1145,30
"Karpenko,Anton",0.521586007852331,1152,33
"Wahedi,A",0.521174745521759,1154,13
"Wu,Li",0.520927851568564,1155,21
"Vaganian,R",0.52030460651125,1156,44
"Komov,Roman",0.519818816388246,1157,10
"Kurmangaliyeva,Liya",0.518091144982288,1162,24
"Idani,P",0.517533342770048,1163,10
"Tao,Sihan",0.517508615922376,1164,20
"Malek,Jan",0.51470957752299,1166,14
"Marrujo Pardo,Mauricio Emmanuel",0.512672833072531,1171,11
"Cori Quispe,Kevin Joel",0.512532083987029,1172,21
"Lin,Bryan Enming",0.512223753360438,1173,29
"Huston,Gus",0.509791983014095,1176,16
"Atis,Hasan",0.508813177827547,1178,25
"Genkeswaran,Genivan",0.507860245118201,1180,26
"Lai,Duc Minh",0.503306208339718,1192,22
"Grzesik,Gracjan",0.502255507075159,1197,22
"Caprio,G",0.500970416242177,1200,32
"Olund,Joar",0.500063781930115,1201,19
"Aslanov,Umid",0.499588980648637,1232,13
"Bartel,Mat",0.496828464080955,1236,11
"Arslanov,S",0.49667132462709,1237,24
"Sadvakasov,D",0.496518836079092,1238,14
"Atharvaa P Tayade",0.495751669527974,1240,33
"Kotyk,Michael",0.495469275468978,1244,11
"Avramidou,Anastasia",0.495112886319399,1245,29
"Gong Qianyun",0.494954272681392,1246,49
"Kurbanbaev,Zalkar",0.493348619201121,1248,26
"Vantika,Agrawal",0.493232892229019,1249,18
"Xu Yuanyuan",0.492984668959053,1250,10
"Smirnov,Mark",0.492978647042558,1251,24
"Koneru,H",0.492441428990029,1252,13
"Baturin-Vinogradov,Miroslav",0.49137564652496,1254,28
"Pavlov,Nikolay",0.489567848603614,1256,31
"Sharapov,E",0.488974904856992,1259,11
"Petenyi,T",0.48838380047229,1260,11
"Torres Rebolledo,Alvaro",0.486648659075426,1261,22
"Amirkul,Alimzhan",0.486090756727717,1262,12
"Sava,Robert-Gabriel",0.485351163122157,1264,35
"Tsolakidou,Stavroula",0.483626958947638,1269,34
"Shevchenko,Yaroslav",0.482658643058238,1270,33
"Mesropov,K",0.480265782934707,1275,16
"Kornev,Alexei",0.479164194212725,1278,10
"Hossain,Enam",0.477618124929484,1280,15
"Arca,Christian Gian Karlo",0.476730355211883,1283,15
"Margl,Roland",0.476684250118087,1284,11
"Celik,Ali Alper",0.476011089391521,1285,11
"Ulziikhishig Khishigbat",0.474489266234764,1291,24
"Risteski,Emil",0.474383628217988,1293,27
"Florescu,C",0.473531214666079,1294,22
"Seder,Mohammed",0.472983753374744,1296,11
"Gibala,Adam",0.472259172077876,1297,22
"Turzo,A",0.470619540433974,1299,10
"Nakonechnyi,Oleksii",0.469341476106565,1301,46
"Mirimanian,H",0.468775533271072,1302,11
"Farid,F",0.468403799334695,1303,18
"Tsaknakis,Zisis",0.465229690063111,1306,22
"Sandoval Mercado,Carlos",0.46491813819435,1307,15
"Zlatin,Alexander",0.464331255488258,1308,42
"Agasarov,Benik",0.463351557138332,1309,29
"Zhauynbay,Alimzhan",0.463317530193135,1311,11
"Ambartsumova,K",0.461890514233994,1314,53
"Ismagilov,Damir",0.46183308815885,1315,23
"Moosavifar,Seyed Abolfazl",0.46103876291342,1316,27
"Aarit Kapil",0.458340749159622,1320,35
"Gulkov,I",0.458141400561944,1321,11
"Roberson,P",0.457969049278121,1322,23
"Rubes,J",0.456320806683425,1324,26
"Yurtseven,M",0.454620461804022,1326,11
"Rogov,Matfey",0.453993725011109,1327,22
"Shuvalova,Polina",0.453769682621475,1328,20
"Wagner,Dinara",0.45255130829444,1331,24
"Pajcin,Lav",0.452233123757868,1332,17
"Vafin,A",0.452053745817753,1333,19
"Alizadeh,Mohammad Mahdi",0.451002208700721,1337,19
"Craciun,Sasha-Matei",0.450769473483715,1338,43
"Manzone,A",0.44907469860248,1341,21
"Minko,Dmitry",0.448378725331004,1343,11
"Zakarian,D",0.447460452338434,1344,23
"Horobetz,Graham",0.447163405079978,1345,35
"Krishnakumar,Sriram",0.446855879098022,1346,11
"Jacobsen,Mikkel Manosri",0.446191857910776,1348,35
"Gulevich,Ar",0.444418936077284,1350,11
"Badacsonyi,Stanley",0.442426147568466,1352,21
"Gaal,Zsoka",0.442403413081918,1354,27
"Lyakh,Vasiliy",0.440707223520426,1355,45
"Sliwicka,Alicja",0.439207639776448,1361,21
"Wu,Yixing",0.438774182095524,1363,10
"Chen,Zhi",0.437785352041707,1364,10
"Chylewski,Patryk",0.437473322548356,1365,18
"Ollenberger,R",0.437037659729984,1367,16
"Moeller,Maurin",0.436999698398502,1368,20
"Wu,Derek",0.436415035005447,1369,28
"Zhu Chen",0.436150099668857,1370,22
"Arabidze,M",0.435990477569156,1371,49
"Omarov,Murat",0.43546544757787,1375,18
"Wagh,Suyog",0.43144769806257,1380,18
"Banerjee,Supratit",0.426362367383803,1385,43
"Bold,Andre",0.425175677179231,1386,21
"Jia,H",0.424911966746278,1387,11
"Aleksandrov,A",0.423133051939613,1390,14
"Guerra Tulcan,L",0.421408307149164,1395,11
"Badelka,Olga",0.420028998944405,1396,14
"Gallana,M",0.41970044562992,1398,19
"Reyes Zavaleta,Fabian Ricardo",0.419671200401781,1399,10
"Asensio Ramos,E",0.418706782903081,1400,22
"Aakash Sharadchandra,Dalvi",0.417684917260841,1404,10
"Ambartsumian,Tyhran",0.417411544711605,1405,55
"Yanev,Tihomir",0.416324582819423,1406,65
"Arakelyan,Manvel",0.415227988605505,1407,50
"Wu,Rochelle",0.414534886075987,1410,13
"Dhulipalla,Bala Chandra Prasad",0.411943638739923,1415,15
"Salimova,Nurgyul",0.411899475507108,1416,20
"Reimanis,R",0.411835605785547,1417,24
"Liu,Jason",0.411706724935433,1418,14
"Andrejevs,A",0.411522668574728,1419,14
"Di Nicolantonio,L",0.411407224235828,1420,11
"Kraus,To",0.411030043509391,1421,18
"Dobre,ClC",0.408784217367537,1423,24
"Zakirov,Musa",0.407222798496258,1424,11
"Sethuraman,Roshan",0.405704726214789,1426,63
"Ebrahimi Herab,Hamidreza",0.405490771662557,1427,13
"Matveeva,O",0.403949151743946,1430,13
"Ghimoyan,Narek",0.401388160808165,1434,10
"Kvaloy,Aksel Bu",0.398683674579766,1438,13
"Karttunen,M",0.398040459324532,1439,31
"Iunusov,Nuriddin",0.397420908546828,1442,15
"Nomin-Erdene,Davaademberel",0.396899256639952,1446,24
"Cao,Qingfeng",0.396017477329813,1447,10
"Hercegovac,Neven",0.395938435554059,1448,10
"Preobrazhenskaya,Diana",0.394874272998577,1449,11
"Napoli,N",0.394475278257667,1450,11
"Sodbilegt,Naranbold",0.394072951071145,1451,24
"Ghoreishi Amiri,Seyed Kian",0.393372560375123,1454,22
"Shearsby,Jude",0.392447270887893,1457,31
"Kochetkov,G",0.392093854392485,1459,10
"Zaksaite,S",0.39159009214717,1461,11
"Al Tarbosh,W",0.389316826500178,1465,11
"Navoyan,Gagik",0.388444916415377,1466,24
"Fedorov,Alex",0.387756492584152,1467,11
"Goncharov,Vladimir",0.386393513478967,1469,31
"Ferrara,Enzo",0.385740607795132,1470,22
"Gong,Sunle",0.384325280637623,1473,10
"Atoyan,Alberto",0.382017990504925,1475,31
"Chen,Yuan2",0.381431177087843,1477,17
"Perez,Max",0.378309946994003,1481,10
"Khenkin,I",0.375701452742496,1484,15
"Madhesh Kumar S",0.373338087869338,1487,33
"Ternault,M",0.372764551982287,1488,23
"Heimisson,Hilmir Freyr",0.372660079585915,1489,18
"Khazhatuly,Alikhan",0.372152327461059,1490,33
"Dong,Hongfu",0.371909302386925,1491,10
"Wartiovaara,Oliver",0.370567740807597,1492,13
"Akkara,Omer",0.370127731803349,1494,33
"Pantsulaia,L",0.369865375866367,1495,14
"Harsh,Suresh",0.368059784653066,1498,15
"Levitan,Caleb Levi",0.367372346226023,1499,26
"Kalyani Sirin",0.367296852948984,1501,55
"Herrera Ortiz,M",0.367038401192918,1502,22
"Gunawardhana,Devindya Oshini",0.366812394987391,1503,22
"Kovac,Petar",0.366047725279145,1505,17
"Deichmann,Esteban Horacio",0.365909872373351,1506,19
"Kostov,Deyan Samuil",0.364629189859408,1507,17
"Grezels,Florian",0.363996206825472,1508,18
"Fitz,Jonathan David",0.363598293852187,1511,10
"Nguyen Hong Nhung",0.363144079432524,1512,11
"Melian,Juan Sebastian",0.361947716041862,1518,20
"Nazin,R",0.358397050677581,1526,21
"Ohler,Julius",0.357520986977391,1528,15
"Aliyev,E",0.356954129370184,1531,41
"Swarna Nihal",0.35684969351089,1532,11
"Krasenkow,M",0.354682689460283,1533,10
"Cai,Chaoruo",0.354243945702591,1534,13
"Nilssen,Ellen Fredericia",0.353648763535414,1536,25
"Graif,William",0.35319073465693,1537,21
"Jeet,J",0.352103985466506,1539,17
"Mompel Ferruz,Xavier",0.34916031717349,1543,22
"Momunaliev,Ruslan",0.348939390486294,1544,36
"Bournel,Antoine",0.348859032433438,1545,14
"Erdenetulga,R",0.348480383596084,1548,11
"Khoury,Theo",0.347877598937037,1549,23
"Torosyan,Volodya",0.343857453059677,1555,11
"Eren,Ataberk",0.342321031536987,1557,30
"Chiang,Jacob",0.341867689100358,1558,32
"Terkiewicz,Bruno",0.340818161245009,1561,30
"Efroimski,M",0.339423382638374,1565,14
"Chernov,Va",0.338560700966176,1566,16
"Tanriverdi,Enes",0.338539700921575,1567,14
"Walmer,Benjamin",0.337086074944016,1570,16
"Rosh,Jain",0.335347285040252,1574,28
"Bazan Romero,Octavio Aaron",0.333640497447157,1575,21
"Jaskolka,T",0.332377557890449,1576,21
"Aarav Sinha",0.331827199461182,1578,21
"Lopez,Hen",0.331477897750856,1580,11
"Cherukuri,Nitesh",0.331220162862361,1582,17
"Popov,Tikhon",0.328494067746952,1589,19
"Asish Panda",0.327698321011228,1591,62
"Purtseladze,M",0.327429541522097,1593,28
"Chan,Kim Yew",0.326122012981566,1596,20
"Mei,Austin",0.324807965708653,1599,15
"Gurevich,D",0.324155142905003,1601,34
"Hovakimyan,Vache",0.323308450118762,1603,38
"Kairbekova,Amina",0.323292996795817,1604,14
"Leiva,G",0.322801074098817,1605,30
"Filev,G",0.322437633751941,1607,11
"Goodrich,Elliott",0.322248632269536,1609,18
"Ragnarsson,Dagur",0.32217320000841,1610,24
"Glek,I",0.321116820078395,1611,14
"Holinka,Henning",0.320837712204617,1613,22
"Siva Kumar,Nirish Kumar",0.320742602102892,1614,13
"Novosel,Lovro",0.319992787317303,1615,31
"Mizzi,Jack",0.317033366991401,1619,59
"Timmermans,M",0.316434833165956,1621,11
"Mummana Venkata Ruthvik",0.316083231192309,1622,22
"Davtyan,Arsen",0.315884952489735,1623,15
"Sivanandan,Bodhana",0.312750070112815,1626,23
"Ugorek,Kacper",0.311646025247076,1627,20
"Suarez,Pedro",0.309280713223185,1631,22
"Baches Garcia,G",0.304406248760769,1640,16
"Weisz,Bryan",0.303343896665111,1645,13
"Kovalchuk,Al RUS",0.301476597084712,1650,22
"Loskutova,Viktoriya",0.301420489845902,1651,49
"Garcia,Jh",0.300436249061574,1652,32
"Degenbaev,Aziz",0.299477339108382,1653,21
"Aansh Nandan Nerurkar",0.298594058033499,1655,16
"Shafer,Logan C",0.297982159673141,1656,52
"Dwilewicz,K",0.29764462653192,1657,30
"Southcott-Moyers,Indy",0.297228835307891,1658,14
"Diachek,Andrii",0.296916740679604,1659,21
"Mora Munoz,Alejandro",0.295624349623946,1664,22
"Bazilius,Augustinas",0.292910093267864,1669,10
"Tang,Austin",0.29171740067137,1670,11
"Terlouw,Wouter",0.29057187593635,1675,28
"Mohammad Fahad,Rahman",0.289167377030374,1676,17
"Venkatesh,Narayan",0.288526325268856,1678,48
"Sanhueza,C",0.288105272726726,1679,37
"Ersoz,Teoman Guney",0.287222299146898,1680,62
"Raptis,N",0.287153773691623,1681,33
"Puzyrevsky,Semyon",0.285564612006362,1682,23
"George Samir,David",0.284857512532803,1683,32
"Leventic,I",0.284131333897945,1685,17
"Saiz Rodriguez,Daniel Evelio",0.279079581450023,1700,14
"Al Modiahki,M",0.278553138642959,1701,24
"Hobaica,J",0.278535869776907,1702,21
"Paragua,Megan Althea",0.277781503082251,1703,10
"Garzon Zapatanga,Christopher Leonel",0.276603267552507,1706,37
"Arkell,K",0.276451065657437,1708,20
"Gales,Randi-Ioan",0.276234295470743,1709,34
"Imomkuzieva,Nilufarkhon",0.274894868713277,1711,32
"Ocampos,I",0.274808427502419,1712,22
"Mohylnyi,Stepan",0.274799098503746,1713,18
"Kanakaris,G",0.273917940274624,1715,11
"Purton,B",0.273382924222057,1716,12
"Abraham,John Z",0.272943237401472,1717,14
"Mujumdar,Sameer",0.272765511941556,1719,15
"Apoorv Kamble",0.271218997337073,1722,15
"Hryshchenko,Kamila",0.271069134452094,1723,24
"Urbina Perez,J",0.271004072128141,1724,21
"Panin,Mikhail",0.269997520006243,1726,40
"Gochelashvili,D",0.269115113187499,1728,12
"Devagharan,Devina",0.267969004145757,1729,14
"Grot,Blazej",0.26747788684059,1732,11
"Jovic,Sta",0.265315097725728,1737,40
"Brezis,Ari",0.264524930999597,1739,22
"Kambrath,Y",0.263930764691441,1740,18
"Petersen,Marcel",0.26389068774432,1741,11
"Demchenko,Yaroslav",0.262045031696408,1743,43
"Ferriz Barrios,A",0.260225838158303,1746,22
"Alvarado,C",0.259490874532976,1748,27
"Perossa,Nicolas",0.259133972132972,1750,21
"Robert,Yoann",0.259075501089562,1751,23
"Chan,Mark",0.258843429571866,1752,22
"Bogdanov,Artyom",0.257365076358553,1754,20
"Velikanov,A",0.256561715091698,1755,12
"Suvradeepta,D",0.255315350808841,1756,33
"Guo,Felix",0.251662107585021,1763,18
"Sharnarthi Viresh",0.251353067083554,1766,10
"Golubka,P",0.249146941411518,1770,10
"Manon Og,R",0.247863492306323,1771,14
"Teterev,V",0.247246511216271,1774,14
"Chocenka,D",0.24713413540276,1776,11
"Gonzalez Menendez,I",0.245324505299766,1780,11
"Achuthan,Aryan",0.245239356483653,1782,14
"Cornelisse,Lorelei",0.244095427273977,1783,35
"Kleiman,J",0.243037729287591,1787,15
"Romanchuk,V",0.242239580285864,1788,10
"Nayak,Rajesh",0.239231733790769,1797,21
"Panic,Ne",0.238219675319616,1799,17
"Lymar,Vladislav",0.237526683693327,1804,23
"Advik Amit Agrawal",0.237076619392707,1805,16
"Dyulgerov,Volen",0.237075446120175,1806,11
"Demaria,J",0.237051514588435,1807,15
"Hartge,Gedeon",0.236176356511531,1809,39
"Matta,V",0.235286362388918,1811,12
"Bozorov,Javohir",0.234073176984485,1813,35
"Vedant,Nitin Vekhande",0.233960094857336,1814,11
"Lau,Lut Yin Luke",0.232580766226257,1816,20
"Parfenov,Vi",0.231115371183805,1821,33
"Ozates,Tuna",0.231093000761846,1822,10
"Wang,Michael",0.230723144808545,1824,11
"Bouchet,S",0.230336824865697,1825,10
"Danila,Tudor-Gabriel",0.227909606861384,1830,36
"Jetzl,Julian",0.226974752694685,1831,19
"Hoeffer,D",0.225715290404866,1834,16
"Yu,Shi",0.225335637071511,1835,10
"Smieszek,W",0.224995191199879,1837,33
"Kienboeck,Benjamin",0.224739571718024,1839,19
"Thorhallsson,Simon",0.224653338202688,1840,53
"Slovineanu,V",0.22445540803742,1841,23
"Przybylski,Bartosz",0.224240354496544,1842,25
"Mani,Sarbartho",0.224009094314251,1843,31
"Krzywda,A",0.223524889921925,1844,23
"Ozkan,Taha",0.223418898445437,1846,17
"Gan-Od,Sereenen",0.222160632600297,1847,25
"Mrudul,Dehankar",0.221950898836391,1848,10
"Dasgupta,Avyukt",0.221549347811778,1849,24
"Mika,T2",0.221089771312543,1850,14
"Pham Le Thao Nguyen",0.220785596558179,1851,24
"Silva,Kaua Marques",0.219475977662163,1855,10
"Morris-Suzuki,Alan H",0.218201661980127,1857,20
"Jasinski,Alexander",0.217128478090508,1859,71
"Dumanuly,Sultanbeibarys",0.216880775082775,1860,22
"Borisov,Yuri",0.216014599822608,1862,22
"Cigan,Jason",0.215809507705714,1863,12
"Koridze,Lile",0.215767181113596,1864,11
"Tilak,S",0.214375179364654,1865,11
"Raghav V",0.21427590994253,1868,15
"Sagalchik,G",0.213587973134331,1869,27
"Bian,Alex",0.212389259363135,1871,11
"Gallagher,Daniel GH",0.21127705838229,1874,12
"Lei,Tingjie",0.208991876207685,1878,13
"Sahbudak,Baris Cinar",0.207750075647152,1881,24
"Vinolas Anglada,Laura",0.207698086948435,1882,11
"Suyarov,Mukhammadzokhid",0.206669029388708,1883,17
"Silva,Luca",0.204487122213472,1885,33
"Reprintsev,A",0.203896174058315,1888,67
"Halynyazov,Vepaly",0.203361369844617,1889,18
"Willy,Stephen",0.202623310301028,1890,17
"Cernov,Henrik",0.202104340439523,1891,60
"Tsatsalashvili,K",0.200274271156627,1899,13
"Wohlfahrt,H",0.200258581120619,1900,19
"Lyutsinger,Iren",0.198990909323483,1903,30
"Cardozo,C",0.196527912960205,1906,19
"Garcia Martin,Marta",0.195749062740274,1908,24
"Bratovic,B",0.194077607839565,1912,65
"Aiten,Islam",0.192954284287708,1913,34
"Klepek,Witold",0.192587693153732,1914,37
"Wu,William",0.192137196709864,1915,10
"Loftgaard,Mikkel Vinh",0.191817581320274,1916,24
"Harshit,Ranjan Sahu",0.191518303149511,1918,14
"Andreasyan,Edgar",0.191166583747564,1919,27
"Sherman,Raem",0.190845829915732,1920,17
"Iljin,T",0.188054150085636,1926,17
"Kapra,Jerjis",0.187038512098254,1927,22
"Zapata,Alo",0.18623961248047,1928,10
"Uuriintuya,Uurtsaikh",0.186043340349941,1929,25
"Deveci,Huseyin Said",0.185797321910813,1930,32
"Andreev,Konstantin",0.184324290895968,1932,16
"Fichter,F",0.183941955743047,1934,11
"Pullela,Sricharan",0.183883917846848,1935,21
"Ribeiro,Matheus Mendes Domingues",0.183018722571444,1937,11
"Andrews,T",0.182943701431387,1938,18
"Van Meegen,R",0.182490183083836,1941,10
"Tyukhanov,A",0.182066625046233,1943,10
"Neuschmied,S",0.181532412854766,1944,19
"Munoz Ramos,Christopher",0.181384222802561,1945,22
"Flynn,Jacob",0.181043954918229,1946,28
"Gbiorczyk,Mikolaj",0.179681447723731,1951,22
"Luong Phuong Hanh",0.179585718120007,1953,27
"Brady,Tyson",0.179455977087046,1954,20
"Sivakumar,Ashvin",0.179271093581498,1955,27
"Buscar,M",0.178748756239051,1957,33
"Karvatskyi,Oleksii",0.178666445248604,1958,17
"Gutierrez Olivares,D",0.178401430878863,1960,26
"Schmider,Niklas",0.177560582709051,1963,13
"Nolz,Tom",0.176767106046726,1965,19
"Hanache,Kai",0.176328311122061,1968,19
"Fathy,E",0.175157269441948,1971,10
"Zhang,Xiao",0.173008857712143,1977,10
"Birkisson,Bardur Orn",0.173008422679745,1978,20
"Bacus,Dharim",0.172341633913233,1980,44
"Dreelinck,Jacob",0.171663291498014,1981,12
"Miezis,N",0.171597240081356,1983,16
"Kozakov,M",0.170861206080237,1984,13
"Rathbone-Jones,Ifan",0.170743187342948,1985,15
"Bodemar,Jonathan",0.170282515177789,1986,16
"Kucza,Karol",0.169394014417847,1987,17
"Bouska,Jiri",0.167566167189674,1989,16
"Delaney,K",0.165870963727991,1991,24
"Jalving,August",0.165468964950538,1992,24
"Kulnev,Aleksandr",0.164432291515372,1995,25
"Grahn,Vidar",0.164387737466503,1996,25
"Ser,Daniel",0.163896854096456,1998,18
"Logachiov,A",0.163417268111464,2000,15
"Ersahin,B",0.162409790314013,2002,11
"Lohia,Sohum",0.161500831006982,2004,24
"Akopyan,H",0.160232347575135,2007,10
"Sharshenbekov,Emir",0.159965446512488,2009,29
"Topalov,A",0.159625343891262,2010,11
"Marynychenko,Yehor",0.159605573738482,2011,33
"Radchenko,A",0.159261255910601,2012,42
"Dinesh,Rajan M",0.158864982625723,2013,12
"Yatskar,Martin",0.157309149593745,2017,43
"Annaberdiyev,B",0.154808948856766,2020,11
"Gubajdullin,A",0.151795097873209,2023,22
"Tokhirjonova,Gulrukhbegim",0.151662741385789,2024,15
"Ezat,M",0.151161690139552,2027,15
"Goh,Zi Han",0.150440218006932,2028,17
"Cvek,R",0.149876163075483,2029,16
"Zhou,Yuxu",0.14886032227853,2031,22
"Keneshbekov,Elim",0.147509828756807,2032,32
"Krutko,A",0.14677214794388,2034,10
"Vujatovic,R",0.146742703876738,2035,18
"Vaidyanathan,Adithya",0.146690877631579,2036,19
"Muetsch,Annmarie",0.145896479177298,2038,24
"Yue,Tariq",0.143640198588033,2040,11
"Kshatriya,Nitin Vekhande",0.142561409473062,2041,16
"Petersen,Henrik",0.141801904671745,2045,13
"Souleidis,G",0.141762344151583,2046,33
"Sefton,Adam",0.141590742399292,2047,19
"Breneis,L",0.141574761095085,2048,10
"Tymrakiewicz,R",0.141249128306101,2049,24
"Myagmarsuren,Evsuld",0.14116879084256,2050,33
"Tikhonov,Viacheslav",0.14051045323901,2051,41
"Kholyavko,Mariya",0.139973168005298,2052,33
"Zanon,Magnus",0.13982865610867,2053,17
"Perez Rojas,Jorge",0.139065643165311,2054,19
"Jimenez Salas,Maria Teresa",0.138953353728432,2055,37
"Tamames Soria,Cesar Manuel",0.138318753911716,2056,11
"Colville,Julian",0.137676243604869,2058,16
"Zeliantsova,Kseniya",0.137189697748255,2060,24
"Erdogan,Anil Berk",0.137048606338709,2061,10
"Cuellar Montes,Alejandro",0.136081241510412,2063,30
"Schiszler,Emilia",0.135928648550937,2064,11
"Rodriguez,Sa",0.135761243261426,2065,12
"Saduakassova,D",0.133684272524814,2070,15
"Todorovic,Boj",0.132897356531259,2075,33
"Gomez,Joh",0.13259471648269,2076,10
"Bolashakov,Nurali",0.131486973099423,2079,22
"Zatonskih,A",0.129077477677656,2087,12
"Huseynova,Lala",0.129004381651882,2089,19
"Sroczynski,M",0.128707158768824,2090,21
"Stankovic,Boris",0.128124116395046,2092,29
"Fedorov,Artem Alek",0.128035075146888,2093,30
"Looi,X",0.127659508685569,2094,12
"Zlatkov,Anton",0.12733809677121,2095,11
"Elier,Ali",0.126944792132746,2096,34
"Yu,Rock",0.126671762997545,2098,19
"Yelisieiev,Yevhenii",0.126452384423326,2099,20
"Sovetbekova,Nurai",0.126075543349146,2100,14
"Fadi,M",0.125494952909274,2102,44
"Shymanskyi,Oleksandr",0.125189521886654,2104,36
"Fiskaaen,Martin Holten",0.123857479217395,2108,23
"Ristic,Neb1",0.122532391594236,2110,38
"Makaraci,Tunahan",0.122462778238051,2111,46
"Mortazavi,A",0.120851467131006,2117,17
"David,Alb",0.120204667979622,2121,13
"Tologontegin,S",0.11986622126931,2122,18
"Topencik,Bruno",0.118922627172898,2125,10
"Lishoy Gengis Paratazham,Dildarav",0.118827489545648,2126,22
"Kopczynski,M",0.116928740423709,2132,13
"Balavignan,Ashvin",0.116414636278472,2135,13
"Nouali,Mohamed",0.116382949385226,2136,10
"Frank,Anton",0.113245121907423,2141,25
"Ferreira,VitorH",0.11252075911906,2144,31
"Sutormin,D",0.11140989194241,2146,11
"Melillo,Lucius",0.110128292159482,2147,24
"Tleukhanov,Yerlan",0.108634971608849,2150,19
"Shuvalov,E",0.1080484837238,2151,22
"Brancaleoni,M",0.107806924399197,2152,55
"Blackburn,J",0.107363071004096,2153,34
"El Zein,Zayne-Eddine",0.107041991512811,2155,33
"Kistrup,Nicolai",0.106903133922507,2156,25
"Nakhbayeva,G",0.106682102378518,2157,11
"Rusu,Lucas",0.105853678183434,2158,24
"Bogaudinov,R",0.10532597937216,2160,32
"Ernst,Luca",0.103936791422101,2162,24
"Haszon,D",0.101548096300186,2163,15
"Yezhel,Valiantsin",0.100567982039434,2165,22
"Madan,A",0.100314940090892,2166,19
"Becking,S",0.0990986174315056,2169,37
"Sanchez Negreiros,Jose Alberto",0.0982440667500136,2174,17
"Akshit,Kumar J",0.0981806293906077,2175,11
"Petrus,Adrian",0.0962610916449463,2178,37
"Jiang,Liu",0.0951388360312391,2182,10
"Vrban,D",0.0950375491992639,2183,19
"Lee,Megan",0.0944528686541637,2184,10
"Cumming,R",0.0944494915683246,2185,20
"Khodzhamkuliev,B",0.0943631004934102,2186,11
"Dambaev,Dashi",0.0941310381872327,2187,41
"Hamedi Nia,Vesal",0.0931300119046664,2188,13
"Schuster,K",0.092365958629432,2189,11
"Ju,Wenjun",0.0922158172903033,2190,14
"Chen,Yidong",0.0911807807227206,2192,65
"Urbina Quiros,E",0.0910063828226097,2193,11
"Sedykh,Mikhail",0.0900225855001308,2195,12
"Navrotescu,A",0.0885590890537397,2201,24
"Kodihalli,Kaustubh",0.0875076951142172,2206,17
"Krivenko,Dion",0.0871026723304476,2208,24
"Rodrigues,Le",0.0861700310401568,2210,16
"Nayem,Haque",0.0860558010429869,2213,11
"Sabatier,Mathis",0.0858982241346595,2214,33
"Yazici,Ugur Doga",0.0847112404351221,2216,21
"Sharankov,G",0.0845519257894245,2217,34
"Marchesich,Giovanni",0.0836047293914363,2220,44
"Le,Minh Tu",0.0834664105983297,2222,14
"Kocharin,Timur",0.082734008626168,2224,21
"Begunov,K",0.0824909895888029,2225,31
"Marchand,Calix",0.0824702286204408,2226,11
"Chassard,Cedric",0.0822808595809002,2228,16
"Jahnz,Laurin",0.0811096881150545,2232,22
"Harshal,S",0.0803445373712704,2235,15
"Guerrero Cataldo,Juan Andres",0.0802341426673464,2236,33
"Beulen,M",0.0796426446579293,2238,11
"Hng,Mei-En Emmanuelle",0.0792555373250722,2239,25
"Stewart,Ashley",0.0776946952967826,2242,16
"Morell,Edvin",0.0776796205966592,2243,10
"Lira,Suan Bruno Fernandes",0.0767624814557953,2246,25
"Alikulov,Elbek",0.0763821339874179,2247,14
"Calvo Gonzalez,Jose Felix",0.0752095870197977,2249,30
"Rees,I",0.0744720030108142,2250,24
"Estrada Nieto,J",0.0730189610289476,2251,51
"McDonald,Jhustice-Dimonte",0.0725765935235202,2252,11
"Villiers,Thomas",0.0716143233912967,2257,18
"Pulido Alvarez,A",0.0706363300802385,2258,32
"Ozen,Batuhan",0.070415322220608,2259,32
"Frischmann,Rick",0.0697480777766937,2260,11
"Ferey,Antonin",0.069685681060125,2261,13
"Schulze,Lara",0.0695942279842485,2262,24
"Weerasekara,Dishal Nimsara",0.0695904220010287,2263,15
"Fikiet,Alex",0.0694153937052305,2264,25
"Lobkin,Bohdan",0.0687778545169788,2266,32
"Hengl,Philip",0.0682905767798574,2267,19
"Kukushkin,Ivan",0.0670403166447779,2268,22
"Stepanyan,Henrik",0.0585926881206128,2281,23
"Ngo,Quang Thai",0.0571515241730613,2282,33
"Beniosev,Daniel",0.0571005048897306,2283,12
"Bryant,Harry",0.0566975073633702,2285,24
"Yang,Daniel",0.0547480956805874,2287,30
"Zhu,Pengxiao",0.0546267086407685,2288,18
"Dauren,Darmen",0.0544355814491271,2289,15
"Anakok,Deniz",0.0542752495501267,2290,22
"Omariev,M",0.0541773297686756,2291,38
"Li,Hui",0.0526188267643752,2294,23
"Bharat Kumar,Balahari",0.0521173544826723,2295,23
"Fernandez Garcia,Gumersindo",0.0520654199878169,2297,11
"Dominguez,Ramiro",0.0518207409986116,2299,35
"Ivanov,Andrey A.",0.0514263573711653,2300,34
"Hernandez Leon,S",0.0493706489307076,2303,21
"Noroozi,O",0.0492316104423907,2304,32
"Pavan Karthikeya Varma Gunturi",0.0490850544519082,2305,25
"Orlovska,M",0.0481956556423973,2307,12
"Sason,Noam",0.0459593255353981,2314,24
"Gerbelli Neto,E",0.0420276158993704,2319,29
"Ai,Evan",0.0399443217965864,2326,11
"Medina,M ECU",0.0382571329500237,2329,28
"Sakhayi,M",0.0379207573004729,2330,21
"Dudzinski,Pa",0.036749507724811,2333,12
"Djurovic,G",0.0359566436343745,2336,17
"Khoo-Thwe,Louis",0.0359112772108668,2338,11
"Azarya,J",0.0355730262804207,2339,18
"Sayce,Hannah",0.0345799595394549,2340,11
"Gurevich,Ar",0.0337059500577221,2344,25
"Nalbandyan,Vahan",0.0336356033986822,2345,11
"Zhao,George",0.0323664621837475,2347,22
"Skramstad,Oda Kofoed",0.0300499633118565,2352,11
"Verbytski,Oleg",0.0299642174748504,2353,23
"Zong,Davis",0.0297582822748467,2354,22
"Kawuma,Patrick",0.0294404696378936,2355,21
"Guha,Eshan",0.0289774224270909,2357,11
"Khanbutaev,Artemii",0.0260469455436419,2360,46
"Blokhin,Sofia",0.0251288671426916,2363,24
"Dishman,S",0.0241650691546203,2364,23
"Hadzovic,A",0.0238180538363471,2365,27
"Montejo Bello,Lorena Beatriz",0.023018358234228,2367,34
"Tang,Dylan",0.0226725157517833,2368,13
"Beyer,Lorenz",0.0214000775365246,2370,31
"Mattenberger,Matthias",0.0211970741627652,2371,22
"Zhukovskyi,Oleksandr",0.0210119120954069,2374,45
"Orshonova,Elena",0.0199773430785983,2377,11
"Vihaan Dumir",0.0196031012233782,2378,11
"Turcsanyi,Vince Gergo",0.0193449974675226,2379,17
"Wanyama,Harold",0.019248313851769,2380,33
"Wynn Zaw Htun",0.0184037993346983,2382,18
"Lopez del Alamo,An",0.0170580168047154,2385,21
"Birkisson,Bjorn Holm",0.0155461588289822,2386,19
"Buchenau,F",0.015170255226243,2388,43
"Kueh,Audrey",0.0144877021624135,2390,11
"Pert,Max",0.0142648888323309,2392,14
"Matyakubov,Miraziz",0.0135591906376475,2393,18
"Linares Orellana,Hector Jose",0.0111319855208052,2397,26
"Hariharan,Shambavi",0.0106974931068357,2398,21
"Aryaman Ganguly",0.0103641532497228,2401,18
"Klys,Kacper",0.00905914666562108,2404,32
"Pereyra,H",0.00730093785014191,2408,22
"Carrasco Miranda,A",0.00629958092070057,2410,20
"Mottola,Max",0.0058741812311243,2413,17
"Volodin,Alexandr E.",0.00423364532245142,2416,11
"Sakmak,Kutay",0.0033485389297804,2419,22
"Shi,Roger V",0.00244346652073499,2421,22
"Gu,Xianghan",0.00120185318062483,2422,12
"Sinkar,Anagha Aniket",0.000903685020750567,2424,11
"Stojanovski,Sa",-0.000709590354789783,2450,16
"Jagirapu,Harshin Reddy",-0.00173469815318175,2452,30
"Katishonok,N",-0.00451677222011368,2455,11
"Karimova,Guldona",-0.00459671840933478,2456,11
"Darmanin,Jake",-0.00600603578747777,2458,13
"Sarveshwaran V",-0.00817737513345706,2462,33
"Bansal,Rohan",-0.00939938999269089,2464,15
"Damaraju,Ashwin",-0.010822862168431,2466,11
"Mihajlovskij,S",-0.0115362152116593,2468,26
"Contreras Huaman,Fiorella",-0.0154424285586338,2472,12
"Cherepov,A",-0.0159235214549869,2474,22
"Jing,Andrew",-0.0170625657595094,2475,24
"Dovgaliuk,Oleksandr",-0.0171989949758985,2476,23
"Altynbek,Aiaru",-0.017817698622817,2477,22
"Vincent,Trevor",-0.019691557094,2489,24
"Kiremitciyan,Ari",-0.0201769505628663,2490,34
"Annaberdiev,M",-0.0203224607269135,2491,11
"Uzuner,TC",-0.0216216281885137,2493,41
"Sezdbekova,Aizhan",-0.0224595721233669,2494,19
"Sriram Adarsh Uppala",-0.022764357588542,2498,10
"Distaso,Antonio Pio",-0.0248535290838965,2502,21
"Bruhovich,O",-0.0274292919017631,2507,20
"Herman,Daniel",-0.028532251776852,2511,11
"Huh,Isaak",-0.029435235059778,2513,14
"Mecit,E",-0.030068023156558,2514,18
"Newansa,M Esandi",-0.0331235326786574,2522,21
"Xia,Joshua",-0.0355040595743096,2525,12
"Terron Elena,F",-0.0356159651037085,2526,33
"Rao,Anjaneya Sripathy",-0.036944892606597,2528,23
"Donoso Aguirre,Maximiliano",-0.0375828536906807,2531,22
"Mikhailova,I",-0.038393727915477,2532,33
"Hernandez Bermudez,Ulises Eduardo",-0.0420995658007311,2536,16
"Grave,Jacob Templen",-0.0422120223312989,2538,15
"Silva Lucena,Cristian",-0.0439758059860744,2539,24
"Sohal,T",-0.0446904580377336,2541,14
"Sliwicki,D",-0.0451375393902104,2542,11
"Aalto,Patrik",-0.0453072232094465,2543,33
"Slavin,G",-0.0465786903540335,2550,20
"Lahav,Michal",-0.0466925567229561,2551,10
"Avila,Lu",-0.0507040965047577,2555,13
"Nugumanov,B",-0.0527319914479828,2561,27
"Akhayan,R",-0.0530919798043733,2562,11
"Behzad Nazif,Parva",-0.0533642869328268,2563,11
"Naranjo Moreno,A",-0.0553871081294019,2565,12
"Molina Sumoza,Jesus Alberto",-0.0556078576250885,2566,10
"Vingris,Mikelis",-0.0575651409547153,2567,12
"Guliev,Gasan",-0.0607909268515636,2572,60
"Shivika,Rohilla",-0.0623083965579061,2577,10
"Jiganchine,R",-0.0630210065066732,2579,24
"Vyom Malhotra",-0.0645295216619492,2582,19
"Shubenkova,Veronika",-0.0658376869932891,2587,11
"Sailaubay,Aldiyar",-0.0672190776376455,2590,31
"Patel,Zain",-0.0696327434059246,2597,16
"Sihite,Chelsie Monica Ignesias",-0.0706639549628853,2598,11
"Maglioni,Leonardo",-0.0708475624399446,2601,38
"Khodabandeh,Milad",-0.0718554225836795,2602,16
"Jaiveer,Mahendru",-0.0757207037364201,2614,17
"Zhunusbekova,Aimonchok",-0.0770522074628775,2616,22
"Golubovskis,Maksims",-0.0777896971452798,2618,26
"Rabin,E",-0.0791827247929418,2622,21
"Agafonov,Y",-0.0800550224975753,2626,25
"Fernandez Siles,L",-0.0801325913892343,2627,19
"Amoako Philip Selikem Yao",-0.0822219585582381,2630,10
"Mokhber-Garcia,Sebastian",-0.0828449246661113,2631,24
"Cevizci,Yusuf Baran",-0.0834654830775306,2632,10
"Jammalamadaka,Vihaan",-0.0838466883807785,2635,13
"Boci,Mateu",-0.0858804349024819,2638,12
"Araujo Filho,Luiz Antonio Coel",-0.0868626813472274,2640,40
"Moinzai,Khushal",-0.0885850498036351,2641,18
"Widjaja,Luke",-0.0896802108861336,2642,15
"Daspres,L",-0.0902190590984818,2643,42
"Kohlman,R",-0.0925032717216897,2649,11
"Froewis,A",-0.0933093485980623,2655,19
"Atlas,D",-0.0935452810393144,2656,19
"Pilz,D",-0.0942596016905229,2661,18
"Devaev,A",-0.0950555408258551,2665,11
"Vashisht-Pigem,Raman",-0.0970287190472006,2674,15
"Salimova,Asal",-0.097740787898588,2675,33
"Rosenberg,E",-0.101235408625503,2679,12
"Piddubna,Bozhena",-0.101697710481199,2680,16
"Nurakyn,Suleiman",-0.103092845004342,2684,27
"Noy,Eyal",-0.103283410257124,2685,32
"Do Carmo,Gabriel Carckeno",-0.103545737394605,2687,11
"Chekletsov,Ilya",-0.10390200793829,2688,11
"Logozar,Elijah",-0.104797601586457,2690,28
"Murawski,Jan",-0.108418506171485,2701,53
"Strom-Engdahl,Alexander",-0.109276062061651,2702,25
"Yildiz,Ali Aras",-0.109341778051054,2703,24
"Gattani,Sarthak",-0.111059629936039,2705,41
"Tahaoglu,Ugur Barkin",-0.11133838328172,2706,23
"Simonovic,M",-0.111776556006258,2707,17
"Leinov,R",-0.111865140370685,2709,23
"Brenke,A",-0.112094739292768,2711,22
"Ali,L",-0.112757602798055,2714,16
"Mesropyan,Hayk",-0.113686596219465,2716,26
"Nguyen Anh Dung",-0.117405283517303,2718,10
"Serra Canals,Oriol",-0.120247962668142,2722,11
"Garcia Almaguer,J",-0.120472574517251,2724,15
"Florstedt,Johannes",-0.122013258307228,2729,24
"Einarsson,H",-0.124682809617132,2732,11
"Mateus,Mar",-0.124683307851386,2733,20
"Ivashentseva,Dominika",-0.124951477008697,2734,53
"Ferraz,Michel Liah",-0.125982898417399,2737,32
"Allahverdiyeva,Ayan",-0.125991896347452,2738,16
"Kawka,Milena",-0.126762468032667,2740,29
"Kholmatov,Y",-0.12757137911155,2741,11
"Kummer,Hel",-0.130195621487705,2745,19
"Buyankhishig,Batpelden",-0.131523532423912,2747,22
"Shahinyan,Vladimir",-0.131709364444016,2748,10
"Ahmad,Al Khatib",-0.132230381283555,2750,11
"Badacsonyi,Frankie",-0.133247348740593,2752,15
"Arakhamia-Grant,K",-0.135984428704371,2761,25
"Manukian,Ar",-0.138472156440554,2762,31
"Villa,Ma. Elayza",-0.138532873378523,2763,11
"Moreira,Ron",-0.139888371256775,2765,16
"Flir,Emilio",-0.141054284921578,2769,17
"Lissillour,Baptiste",-0.14112480095633,2770,16
"Sanikidze,T",-0.142558138420692,2774,13
"Benedikt,Noah",-0.143567480028577,2777,17
"Swara Lakshmi S Nair",-0.145951370555417,2781,63
"Wang,Qinxuanyi",-0.146496007188222,2783,10
"Mesquita,Eduardo Barbosa",-0.146705373593064,2784,30
"Maton,Emily",-0.151122187679619,2788,17
"Zhang,Zhi",-0.152960365734773,2793,10
"Zaiarski,Stepan",-0.154930593330422,2797,24
"Lesbekova,Assel",-0.156009024611637,2798,17
"Emeliantsev,A",-0.156685423896649,2799,26
"Beknazarov,Emir",-0.158261613126622,2806,24
"Khalafvand,Dorsa Sadat",-0.159587623839574,2808,13
"Goldbeck,Lars",-0.159700213173081,2809,24
"Nilsson,Oliver",-0.161537021612093,2813,25
"Yonal,Timur",-0.168731361283657,2841,31
"Andrade,I",-0.1690062475095,2844,33
"Gu Xiaobing",-0.172297994156267,2848,22
"QUICKPEN,Deborah Ebimobo-ere",-0.173481960205667,2851,24
"Lazaro Azcutia,Miguel",-0.174618548707685,2852,52
"Gomez Gonzales,Fabiana",-0.179080786743593,2857,25
"Kjaergaard Jensen,J",-0.179323675463067,2858,44
"Albores,P",-0.180973755860346,2861,11
"Schut,Ha",-0.181115148615391,2862,11
"Polterauer,Chiara",-0.182697737261422,2863,19
"Ejsymont,Blanka",-0.182764637581536,2864,22
"Nguyen Thien Ngan",-0.183536085697965,2865,11
"Khafizova,Diana",-0.185638522284545,2866,11
"Zakarian,Dimitrios Levon",-0.185949429756717,2869,23
"Safin Safarullakhan",-0.186126117137383,2871,33
"Daianu,C",-0.187141982418312,2873,16
"Troltenier,D",-0.189573968693444,2877,30
"Azizoglu,F",-0.190392901196174,2879,27
"Goh,Jinghan Cameron",-0.192620348468039,2883,23
"Ramu,K",-0.193154587724526,2885,11
"Kendall,Arthur",-0.193207566742017,2886,22
"Burmakin,E",-0.194201344265961,2887,32
"Petrenko,Maryna",-0.19766290434027,2889,25
"Emujin Enkh-Amgalan",-0.19917982559675,2892,19
"Berikkyzy Alanna",-0.199744716186159,2894,33
"Ozalp,B",-0.199908694676354,2896,11
"Rasch,H",-0.200407310012188,2898,22
"Modric,N",-0.204109855416313,2901,26
"Aranda,Juan Manuel",-0.208754229258671,2906,24
"Baghdasaryan,Davit",-0.208833416252422,2907,27
"Nikulina,A",-0.209964779278247,2908,32
"Lorans,S",-0.216508534975177,2917,11
"Stemmler,Fabian",-0.218634142670788,2922,23
"Eken,Atakan",-0.219009436768481,2924,28
"Belov,Alexe",-0.219199161726453,2925,32
"Stichter,Constantin Paul",-0.220444617699681,2928,13
"Rom,J",-0.221838284062832,2929,15
"Yontar,Sabrican Onay",-0.222605606483595,2930,21
"Huseynova,Dinara",-0.224251359494268,2933,40
"Wyss,J",-0.227505435717542,2942,30
"Lacasa Diaz,J",-0.229850057486915,2949,33
"Perry,Patrick",-0.230187629794733,2950,54
"Volkov,Leonid",-0.230289338964006,2951,24
"Bashirli,Saadat",-0.231088287255452,2953,18
"Hofstadler,Mario",-0.232449404173534,2954,17
"Harish,Neeraj",-0.233503720064841,2956,32
"Essing,A",-0.235377430208795,2959,11
"Brozynski,Patryk",-0.235759603059287,2960,19
"Hill,Alistair",-0.237734582022896,2962,18
"Vifleemskaia,S",-0.239966117498705,2969,30
"Harriott,Tyrell",-0.244041712319888,2976,21
"Badole Shaunak",-0.244707681702802,2977,11
"Lomsadze,Irakly",-0.245721061602728,2978,19
"Diaz Guerrero,Jesus Daniel",-0.246040958636476,2979,21
"Playa,M",-0.248031700313005,2981,11
"Baules,J",-0.250159105794988,2986,11
"Nezamyatin,Ruslan",-0.251639615356042,2987,10
"Goric,E",-0.25184057240479,2988,17
"Mai,Alexander Oliver",-0.256392439077692,2991,44
"Muradyan,David",-0.25727065334555,2994,30
"Palmer,Reegan",-0.257461397747905,2996,11
"Dicen,Elis Denele",-0.259689912795361,3004,34
"Jonnalagadda,Vishnusankar",-0.259930904803943,3005,10
"Anandh,Vijay Srinivas",-0.260061295511008,3006,14
"Ady,J",-0.261279179502587,3010,22
"Leonov,Leonid",-0.261295685906867,3011,17
"Carroll,Thomas",-0.26181332588804,3012,18
"Purushothaman,T",-0.262240594526149,3016,10
"Barrientos,Er",-0.262737194399717,3021,25
"Miranda Camus,Joaquin Ignacio",-0.2649085078571,3027,10
"Alazmi,Amani",-0.270880042877166,3034,13
"Bansal,Saahil",-0.271118339822359,3039,23
"Karas,Eugenia",-0.271379149125024,3040,10
"Watson,Mikey J",-0.273767085630385,3048,12
"Mkrtchyan,Anahit H.",-0.275500082919111,3049,27
"Caku,Kler",-0.277971308337298,3051,22
"Kunz,A",-0.278589742357619,3052,24
"Bai,Xue",-0.279077687149042,3053,16
"Adhiraj Mitra",-0.280881691873236,3055,10
"Medal Paves,Jose Maria",-0.28480024572195,3058,11
"Hng,Mei-Xian Eunice",-0.287536218800628,3063,24
"Tiitta,S",-0.28864321100376,3066,21
"Zebracki,T",-0.290129151206897,3067,10
"Shi,Yige",-0.291841398622614,3069,10
"Jimenez Fernandez,Rebeca",-0.296578668423269,3075,31
"Mayaud,R",-0.299039012527342,3079,38
"Ng,Gary",-0.301090823794035,3085,10
"Jain,Gautam",-0.301342482658177,3086,22
"Shangin,Lev",-0.302913017357433,3091,11
"Hatzl,J",-0.304960586417744,3094,18
"Sarkar,J",-0.306664327062609,3101,43
"Wieczorek,Z",-0.306722477944337,3102,10
"Montano Vicente,Guadalupe",-0.307034663673769,3104,64
"Moghaddamian,A",-0.307144070343394,3105,13
"Chelly,Yahya",-0.307626944875394,3108,20
"Venskaya,Nika",-0.309422954773596,3114,10
"Przybylski,W",-0.309795165510915,3116,19
"Osinovsky,S",-0.312006664710689,3122,13
"Rosenstein,Wadim",-0.314731617528046,3127,33
"Papacek,S",-0.316543634405547,3130,18
"Grzeca,P",-0.31710979872873,3131,13
"Porozhnyak,Maya",-0.31746841218005,3132,11
"Aravindhan,Achyuth",-0.317705675042367,3133,14
"Yushko,O",-0.318569779813028,3136,44
"Dishman,Matthew",-0.318592338415272,3137,20
"Izafatava,Kira",-0.320796396496241,3142,22
"Levano Loayza,Adriano Jaffet",-0.320883262770857,3143,31
"Arya G Mallar",-0.321524640737391,3144,38
"Subervi,J",-0.323511975689103,3147,18
"El Jawich,A",-0.324316296290291,3148,28
"Chyzy,Jakub",-0.325141160211445,3150,10
"Ciocan,Maria-Alexandra",-0.325697050783254,3152,15
"Wu,Shuang(HLJ)",-0.327310627447132,3160,18
"Levitan,Judah Nathan",-0.328508523101297,3161,22
"Xie,Jiaxiang",-0.333185909847965,3167,10
"Bilochenko,Matvii",-0.333226914517287,3168,10
"Mikhalsky,Vladimir",-0.333776168741102,3170,32
"Rath,A",-0.334854706508259,3172,24
"Torres,Lucas",-0.337277876540708,3174,24
"Bhatia,Kanishka",-0.337286313544472,3175,11
"Tilahun,Abel Mathewos",-0.338055926163337,3177,21
"Ugarte Soto,C",-0.338160512073301,3178,31
"Thiel,T",-0.34009159477558,3181,12
"Malikova,Marjona",-0.340453788221315,3182,10
"Gao,Muziyan",-0.341079929034511,3186,19
"Diaz Vasquez,M",-0.341784452374104,3189,15
"Melendez Manuel A.",-0.342699088268147,3190,14
"Shapiro,Dan",-0.344003394477448,3192,56
"Sailer,M",-0.34453369239347,3193,34
"Andronescu,M",-0.344537221988762,3194,10
"Neustroev,V",-0.34738453258395,3197,22
"Longson,Sarah N",-0.348556711003918,3203,24
"Kuzmanovic,Zeljko",-0.348701983709924,3204,19
"Jakhria,Kushal",-0.349112172705415,3205,13
"Maiorov,N1",-0.350442603768658,3206,17
"Nita,L",-0.352373695560083,3207,15
"Grigoryan,Meri",-0.353225746502923,3208,24
"Garcia Correa,J",-0.354898017046998,3211,45
"Mata Gonzalez,J",-0.356451037559024,3214,30
"De Sousa,Antonio Micaias Silva",-0.35663179104819,3215,23
"Lapushnian,Eran",-0.357965831665991,3216,13
"Badescu,Matei-Andrei",-0.359235620711871,3221,24
"Zlotnik,B",-0.360442393000669,3225,13
"Willim,M",-0.361162757469517,3227,22
"Zmijanac,D",-0.362586507514829,3232,17
"Petersson,K",-0.363024600342599,3233,19
"Chaulagain,P",-0.363480027500845,3235,30
"Pacheco,Dan",-0.365002298733605,3238,11
"Shokirjonova,Barchinoy",-0.36883593468905,3244,10
"Volovich,Julia",-0.375355260083348,3253,14
"Demchenko,Svitlana",-0.375537241828442,3254,22
"Schneider Sanchez,C",-0.375967935234927,3257,10
"Bahmani,Koorosh",-0.380239354380051,3265,18
"Erzhanov,A",-0.382212641668931,3268,11
"Zaw,Ye Htut",-0.383042640647713,3272,13
"Stojsin,Nikola",-0.383826594982331,3273,12
"Unver,C",-0.385834154029757,3274,40
"Abdou Ahmed Alem",-0.386114117918881,3275,15
"Sitnic,A",-0.390439430257472,3281,29
"Goldin,R",-0.3917436854118,3282,19
"Schracke,G",-0.39545019288173,3289,19
"Sahetchian,A",-0.398210573272489,3294,22
"Ochedzan,Filip",-0.398822401636977,3297,14
"Hehir,Michael",-0.399793190289807,3298,11
"Haselsberger,Armin",-0.402280305896986,3301,17
"Escareno Rojas,A",-0.403297219042765,3304,21
"Anhwere,Bernard",-0.405133575958824,3307,21
"Clawitter,C",-0.407569633964065,3311,25
"Verbovsky,Michal",-0.413736667733778,3324,11
"Regan,N",-0.417209037369436,3333,24
"Toroptseva,Yevheniia",-0.421134800130252,3341,39
"Yevchenko,A",-0.422716010585823,3344,65
"Ostensson,Julia",-0.425516594203449,3346,25
"Sivakumar,Shaashwath",-0.425579431065563,3347,11
"Watanabe,A",-0.42792097817793,3348,22
"Bezerra,F",-0.42992430433799,3351,10
"Ndirangu,Nyaruai,Joyce",-0.430509797402747,3352,15
"Mkrtchyan,Mariam",-0.432134909366517,3353,11
"Rushbrooke,Remy",-0.432823743356366,3354,16
"Dauer,Andre Leonardo",-0.438633465057517,3367,23
"Aaradhya Das",-0.438998918467042,3370,11
"Hury,Tymoteusz",-0.441086146785622,3371,22
"Cordeiro,M",-0.441270305538123,3373,18
"Marton-John,Almos Kiran",-0.443471300234694,3375,25
"Letoret,Tim",-0.448096611770446,3382,15
"Silva,Pedro Gil Ferreira Da",-0.449143694088951,3384,10
"Vardi,Ilan",-0.449903725101235,3387,22
"Tumanyan,Gor",-0.451552396368194,3392,17
"Gutierrez Carmona,J",-0.457659985584501,3407,22
"Mahir Taneja",-0.465640575918207,3416,10
"Recuero Guerra,J",-0.466941897594825,3419,11
"Podeneshko,E",-0.468217374730333,3423,22
"Zepeda Berlanga,Jan Enrique",-0.469921312947866,3428,44
"Kozak,Ma",-0.470073826179031,3429,10
"Sickmann,Lisa",-0.470228751375798,3430,17
"Platschek,Luca",-0.471604010097145,3434,24
"Figuero Toro,J",-0.474400160194765,3442,10
"Skytte,Robert",-0.474775199963297,3445,36
"Pragnya H G",-0.477397227179465,3448,11
"Rempe,Jonas",-0.480489215328899,3452,10
"Morea,G",-0.481372848637612,3455,24
"Vila Dupla,A",-0.482104302632119,3457,32
"Jagreet Misra",-0.483050938683931,3460,11
"Bustelo,T",-0.483291082879883,3462,41
"Derlich,Sarah Sima",-0.484165100943178,3465,25
"Stadlinger,Lea",-0.484482259321943,3466,15
"Qi,Jenny",-0.486017627435367,3470,14
"Novikova,M",-0.488776812610524,3474,31
"Moro Saidon,Gonzalo",-0.491804961968571,3479,15
"FAWOLE,John Oyeyemi",-0.494065403386705,3486,17
"Smolinski,Wojciech",-0.495600480873659,3491,27
"Ho,Ngoc Hai-Dang",-0.498393901843214,3496,24
"Grose,Kameron",-0.498570026563117,3497,14
"Duarte Cramer,Lily Jeanette",-0.503248245467688,3535,25
"Filindash,Nikita",-0.506224748399284,3539,12
"Santos,AntonioP",-0.511867417674935,3544,22
"Jimenez Carrazoni,Marta Elena",-0.515760906970049,3547,11
"Schindler,S",-0.516989249664735,3549,11
"Roebers,J",-0.517765258985319,3550,11
"Ha,Yihan",-0.520142030719927,3555,10
"Phulpin,Theo",-0.521607636124517,3558,26
"Ataiants,Igor",-0.521980379547896,3560,16
"Gimeno Martos,R",-0.522141622596665,3561,28
"Rodriguez Avila,Alvaro",-0.524122124340795,3563,11
"Garde,Guillaume",-0.524720566294169,3564,13
"Barwinska,Ewa",-0.527217079909489,3566,15
"Andiwoh,Moses",-0.538076582316869,3579,24
"Araya Fuentes,Cristian",-0.538493105024562,3580,24
"Kiritshenko,Platon",-0.541031560981811,3584,24
"Stein,Theodor",-0.546572261544582,3593,24
"Matskevich,Varvara",-0.547735545742197,3595,21
"Han,Qixuan",-0.54924508136942,3598,25
"Quinonez Garcia,S",-0.551624680157095,3602,10
"Guba,Viktor",-0.552819464696978,3604,11
"Muradylov,Baiel",-0.555180130801211,3609,13
"Redor,Menandro",-0.557562350217655,3612,22
"Sava,Ch",-0.562515951498718,3616,24
"Ishvi,Aggarwal",-0.565596542495303,3624,11
"Enkhbayar,Genden",-0.567907639640584,3632,24
"McCallum,Elliot",-0.570097509378318,3636,24
"Amarasinghe,A",-0.574686605106458,3639,38
"Budjav,E",-0.584855097633502,3657,16
"Garcia Hernandez,Rebeca",-0.587791472269336,3662,31
"Pirvulescu,Ekaterina",-0.591805429906072,3667,12
"Squella Lavin,C",-0.599906907075908,3682,10
"Lopez Abreu,Michel Samuel",-0.599943706086879,3683,31
"Veselow,Zoe",-0.614849554204121,3699,24
"Fernandes,Ro",-0.615090447799416,3701,44
"Badescu,Eliza-Ioana",-0.621003338546351,3710,24
"Junior,Liduino F Vasconcelos",-0.623081358524332,3712,10
"Barwick,Carmel",-0.623287992257246,3713,19
"Skiadopoulos,N",-0.626102887079169,3717,40
"Coe,William",-0.62690652527786,3722,13
"Kennedy,Aden",-0.629024378012852,3725,14
"Asad Rahman",-0.633951467174947,3735,32
"Vazelakis,D",-0.635584992444117,3737,33
"Danzer,G",-0.639333403391557,3739,33
"Kiseleva,A",-0.640132384020569,3740,22
"Enkhrii Enkh-Amgalan",-0.640899902353665,3742,12
"Lloret Ramis,J",-0.648456840675665,3748,22
"Oppezzo,S",-0.651942260562217,3756,11
"Osiecki,S",-0.652751298773839,3757,11
"Onur,Cigdem",-0.660899750101245,3765,24
"Gutman,G",-0.666315073358018,3771,11
"Kuka Kyle",-0.673046461084823,3776,25
"Henriquez Garcia,D",-0.67561015447661,3777,10
"Boramanikar,Tanisha S",-0.681925541066134,3787,22
"Mihailidou,Magdalini",-0.682512648021506,3788,15
"Andries,Leia",-0.683130520860963,3789,25
"Hernandez,Alex",-0.683604780688153,3790,29
"Ziems,M",-0.68480499407265,3795,24
"Romany,Joy",-0.685479673216819,3796,11
"Muromtsev,A",-0.687878918971769,3797,10
"Madi,Aidana",-0.688124900417133,3798,27
"Winkels,M",-0.689780721990386,3799,66
"Gosh,C",-0.692709562748609,3802,13
"Jakovljevic,Dejan",-0.694456971962687,3806,15
"Kalender,Murat Emre",-0.694506621793353,3807,23
"Gonzalez Vega,A",-0.696161039471746,3808,19
"Jaufarally,Nadia",-0.696493580458463,3809,10
"Goeschl,Ortrun",-0.696733858912821,3810,14
"Thoeny,H",-0.704584811059186,3821,12
"Grodotzki,K",-0.709239050420649,3829,11
"Gavarrete,Nahun",-0.709581301545731,3830,33
"Vincenti,Leonardo",-0.716354483203925,3840,10
"Bongo Akanga Ndjila,Barthelemy",-0.727193378726608,3846,17
"Maklakova,Nellija",-0.727876956986968,3848,11
"Peatman,Carter",-0.729037544552435,3849,11
"Mutisya,Jully",-0.733093873471952,3857,25
"Camp,Imogen A L",-0.734629511417477,3858,21
"Schuster,Reb",-0.739846706339494,3863,24
"Sobek,J",-0.75722366817115,3877,65
"Tursunalieva,Nurelina",-0.767016312790452,3888,13
"Mafra,K",-0.783275349642228,3900,39
"Van Baar,Esper",-0.78650398235485,3906,11
"Mortazavi,Sami",-0.789850175777896,3911,24
"Miserendino,A",-0.790081040061265,3912,54
"Cramling Bellon,Anna",-0.794366534475107,3919,11
"Thipsay,B",-0.801883416845438,3929,18
"Mansurova,Mumtozbegim",-0.805653930207373,3937,13
"Yao,Hanchi",-0.813118436908016,3944,11
"Rosenbecker,Daniel",-0.817812605072742,3952,20
"Thake,Conrad",-0.82156132057688,3953,27
"Mindru,Valeriu",-0.825347204073067,3958,14
"Sedykh,Stakhey",-0.845670111101724,3982,11
"Castillo Pena,Patricia Evarista",-0.845680413661809,3983,35
"Fofanov,I",-0.850531840432411,3989,11
"Raiko,Yossi",-0.853223190845569,3991,11
"Cujba,A",-0.85332726006882,3992,13
"Fomevor,Cephas Clinton",-0.86417757399965,4000,40
"Golsta,Madara",-0.870130591060155,4007,19
"Pontes,Luiz Felizola Lima",-0.878852079563148,4013,10
"Zhang,Changjie",-0.884996362608264,4030,27
"Lenz,Joshua",-0.887994443674183,4032,13
"Grabinsky,V",-0.892395208948361,4033,14
"Garcia,Angie",-0.897500678425137,4038,11
"Stefanov,Pl",-0.906468500465479,4044,22
"Ivanov,Elizabeth",-0.906871776470445,4045,15
"Reinecke,Katharina",-0.91279953041718,4054,22
"Agarwal,Amaya",-0.92582010276198,4073,30
"Tarnowska,A",-0.931394241054902,4077,24
"Loya Ibarra,Rigoberto",-0.946022408737326,4090,22
"Uyanga,Byambaa",-0.965496604379792,4108,22
"Leon Acevedo,Juan Alejandro",-0.971441446404018,4113,13
"Slavin,Daniel J",-0.972806186704252,4115,11
"Nayberg,Simona",-0.979580332495114,4120,23
"Cepoi,Gesneria-Codruta",-0.983046182656279,4121,15
"Spierings,Benjamin",-1.00537650160788,4142,12
"Kabugu,Njagi",-1.02565997517288,4156,12
"Heimbaecher,P",-1.03542366325292,4162,10
"Pica,Eleni",-1.05763783194315,4174,12
"Frempong-Smart Daniel",-1.07627115893368,4190,13
"Scharler,W",-1.08975813243996,4201,14
"Molinaroli,M",-1.11325596698983,4215,19
"Diaz Cesar,Wilsaida Pieranlly",-1.12026428203652,4223,18
"Murthy,P",-1.12573933040573,4225,18
"Demir,Aleyna",-1.12664580449705,4226,23
"Kharitonov,S",-1.20033827762731,4263,10
"Ongono,Victor",-1.2182814397764,4268,14
"Hrabinska,M",-1.22353339642619,4270,13
"Staudacher,Karl-Heinz",-1.24166941701636,4278,11
"Khandhadia,Nivaan Rathin",-1.28701064779901,4301,10
"Velayutham,Sivanandan",-1.34098868990035,4328,13
"Pirvulescu,A",-1.36476599049699,4337,10
"Li Xueyi",-1.3773368170827,4344,11
"Ding,Yihua",-1.51345298961075,4399,24
